{
    "epoch": 3.0,
    "eval_loss": 0.9683853387832642,
    "eval_runtime": 291.132,
    "eval_samples_per_second": 38.223,
    "eval_steps_per_second": 1.195,
    "total_flos": 1.2272065452422726e+19,
    "train_loss": 0.9314867145591142,
    "train_runtime": 27369.4212,
    "train_samples_per_second": 10.977,
    "train_steps_per_second": 0.172
}